X,Y,osm_id,highway,amenity,brand,name,addr:housenumber,shop,tourism,addr:housename,ref,railway,operator,access,religion,disused,layer,diet:vegetarian,cuisine,brand:wikipedia,brand:wikidata,takeaway,internet_access,addr:street,opening_hours,wheelchair,outdoor_seating,official_name,internet_access:fee,smoking,addr:postcode,addr:city,name:en,name:hi,website,phone,email,name:es,level,clothes,addr:unit,atm,addr:place,alt_name,indoor_seating,toilets,delivery,payment:cash,fee,short_name,wikipedia,wikidata,addr:country,male,female,name:ur,name:bn,brand:short,alcohol,branch,toilets:wheelchair,stars,name:ca,drink:shake,seats
77.2194853,28.6298938,249783293,traffic_signals,,,,,,,,,,,,,,,,,,,,,,,,,,,,,,,,,,,,,,,,,,,,,,,,,,,,,,,,,,,,,,
77.220132,28.6302116,4241264489,,fast_food,McDonald's,McDonald's,,,,,,,,,,,,yes,burger,en:McDonald's,Q38076,yes,,,,,,,,,,,,,,,,,,,,,,,,,,,,,,,,,,,,,,,,,,,
77.2203409,28.6302645,6073119985,,cafe,,Junkyard cafe,,,,,,,,,,,,,,,,,wlan,Outer Circle,,,,,,,,,,,,,,,,,,,,,,,,,,,,,,,,,,,,,,,,,
77.2204652,28.6302749,4241254891,,cafe,Starbucks,Starbucks,,,,,,,,,,,,,coffee_shop,en:Starbucks,Q37158,yes,wlan,,Mo-Su 08:00-00:30,limited,no,Starbucks Coffee,no,no,,,,,,,,,,,,,,,,,,,,,,,,,,,,,,,,,,,
77.2206535,28.6303156,4338129371,,restaurant,,Barbeque Nation,N-96,,,,,,,,,,,yes,regional,,,,,"2nd Floor, Munshi Lal Building, Connaught Place",,,,,,,110001,New Delhi,,,,,,,,,,,,,,,,,,,,,,,,,,,,,,,,,
77.2167604,28.6314103,249783302,traffic_signals,,,,,,,,,,,,,,,,,,,,,,,,,,,,,,,,,,,,,,,,,,,,,,,,,,,,,,,,,,,,,,
77.2171298,28.6342511,6169030314,traffic_signals,,,,,,,,,,,,,,,,,,,,,,,,,,,,,,,,,,,,,,,,,,,,,,,,,,,,,,,,,,,,,,
77.2181565,28.6315203,786590787,,toilets,,,,,,,,,,,,,,,,,,,,,,,,,,,,,,,,,,,,,,,,,,,,,,,,,,,,,,,,,,,,,
77.2189313,28.6307733,5810150756,,,,पालिका बाज़ार,,convenience,,,,,,,,,,,,,,,,,,,,,,,,,Paalika Bazaar,,,,,,,,,,,,,,,,,,,,,,,,,,,,,,,,
77.2197015,28.6307138,4460479126,,,,Sony Center,,electronics,,,,,,,,,,,,,,,,,,,,,,,,,,सोनी सेंटर,,,,,,,,,,,,,,,,,,,,,,,,,,,,,,,
77.2200077,28.6305266,4897911422,,bar,,My Bar,,,,,,,,,,,,,,,,,,,,,,,,,,,My Bar,,,,,,,,,,,,,,,,,,,,,,,,,,,,,,,,
77.2201398,28.6306078,5305828023,,car_rental,,Ctt transport office,N9/1,,information,,,,,,,,,,,,,,,middle circle,Mo-Su 08:00-20:00,,,,,,110001,New Delhi,Ctt transport office,,http://www.centretoursandtravel.com,01123723226,dso@centretoursandtravel.com,,,,,,,,,,,,,,,,,,,,,,,,,,,,
77.219801,28.6307154,5799043062,,toilets,,,,,,,,,,,,,,,,,,,,,,,,,,,,,,,,,,,,,,,,,,,,,,,,,,,,,,,,,,,,,
77.219801,28.6307154,5799060318,,toilets,,,,,,,,,,,,,,,,,,,,,,,,,,,,,,,,,,,,,,,,,,,,,,,,,,,,,,,,,,,,,
77.2197896,28.6310191,3704734413,,restaurant,,Nando's,,,,,,,,,,,,,,,,,,,,,,,,,,,,,,,,,,,,,,,,,,,,,,,,,,,,,,,,,,,
77.2191186,28.6313918,1762961283,,,,Palika Bazar,,shopping_centre,,,,,,,,,,,,,,,,palika bazar road,,,,,,,,,,पालिका बाजार,,,,,,,,,,,,,,,,,,,,,,,,,,,,,,,
77.2197505,28.6313321,4391597491,,restaurant,,,,,,,,,,,,,,,indian,,,,,"F-30 B, Ground floor, Malhotra building, Opp Palika Bazar gate no-6, Inner circle",,,,,,,110001,,,,https://punjabibynature.in/,,,punjabi by nature quickie,,,,,,,,,,,,,,,,,,,,,,,,,,,
77.2176823,28.632007,5864629285,,restaurant,,sharavana bhavan,,,,,,,,,,,,,,,,,,,,,,,,,,,sharavana bhavan,,,,,,,,,,,,,,,,,,,,,,,,,,,,,,,,
77.2176401,28.632172,5545576298,,,,Fabindia,,clothes,,A,,,,,,,,,,,,,,,,,,,,,,,,,,,,,,,,,,,,,,,,,,,,,,,,,,,,,,,
77.2177075,28.6321974,2410180166,,cafe,Starbucks,Starbucks,,,,A,,,,,,,,,coffee_shop,en:Starbucks,Q37158,yes,,,,,,Starbucks Coffee,,,,,,,,,,,,,,,,,,,,,,,,,,,,,,,,,,,,,
77.2180195,28.6323132,4443303491,,,,United Colors Of Benetton,,clothes,,A,,,,,,,,,,,,,,,,,,,,,,,United Colors Of Benetton,यूनाइटेड कलर्स ऑफ बेनेटन,,,,,,,,,,,,,,,,,,,,,,,,,,,,,,,
77.2179816,28.6325327,5577533598,,atm,ICICI Bank,,,,,A,,,,,,,,,,,,,,,24/7,,,,,,,,,,,,,,,,,,,,,,,,,,,,,,,,,,,,,,,,
77.2180901,28.6325837,5578451970,elevator,,,Rajiv Chowk,,,,,4,subway_entrance,,,,,,,,,,,,,,,,,,,,,,,,,,,"0;-1",,,,,,,,,,,,,,,,,,,,,,,,,,
77.2179024,28.6327263,4071875072,,post_office,,,,,,A,,,,,,,,,,,,,,,,,,,,,,,,,,,,,,,,,,,,,,,,,,,,,,,,,,,,,,,
77.2179639,28.6326127,5577534202,,bank,ICICI Bank,,,,,A,,,,,,,,,,,,,,,"Mo-Fr 08:00-20:00, 09:00-18:00; Sa 09:30-17:00; PH off; Sa[2,4] off",,,,,,,,,,,,,,,,,,,,,,,,,,,,,,,,,,,,,,,,
77.2178939,28.6327775,5545574397,,,,Van Heusen,,clothes,,A,,,,,,,,,,,,,,,,,,,,,,,,,,,,,,,,,,,,,,,,,,,,,,,,,,,,,,,
77.2178944,28.6328187,5656398298,,,,Shasha,,clothes,,A,,,,,,,,,,,,,,,,,,,,,,,,,,,,,,women,,,,,,,,,,,,,,,,,,,,,,,,,
77.2178957,28.6328693,5656398299,,,,Hidesign,,bag,,A,,,,,,,,,,,,,,,,,,,,,,,,,,,,,,,,,,,,,,,,,,,,,,,,,,,,,,,
77.2179001,28.632967,5545575717,,bank,Punjab National Bank,,,,,A,,,,,,,,,,,,,,,,,,,,,,,,,,,,,,,9,yes,Connaught Place,,,,,,,,,,,,,,,,,,,,,,
77.2179096,28.6330221,5656393231,,,,Blackberry's,,clothes,,A,,,,,,,,,,,,,,,,,,,,,,,,,,,,,,"men;suits",,,,,,,,,,,,,,,,,,,,,,,,,
77.217919,28.6330698,5656398091,,,,Sillviato,,jewelry,,A,,,,,,,,,,,,,,,,,,,,,,,,,,+91-11-2332-7587,,,,,11,,Connaught Place,,,,,,,,,,,,,,,,,,,,,,
77.2179689,28.633114,2327524039,,fast_food,KFC,KFC,,,,A,,,,,,,,,chicken,en:KFC,Q524757,yes,,,Mo-Su 11:00-23:00,,,,,,,,,,,,,,,,,,,Kentucky Fried Chicken,,,,,,,,,,,,,,,,,,,,,
77.2191163,28.6325673,6203987735,,cafe,,Café Coffee Day,,,,,,,,,,,,yes,,,,,,,,,,,,,,,,,,,,,-1,,,,,,,,,,,,,,,,,,,,,,,,,,
77.2192019,28.6324513,6182975989,elevator,,,Rajiv Chowk,,,,,,subway_entrance,,,,,,,,,,,,,,,,,,,,,,,,,,,"-1;-2",,,,,,,,,,,,,,,,,,,,,,,,,,
77.2197456,28.6330017,6203988025,,cafe,,Café Coffee Day,,,,,,,,,,,,yes,,,,,,,,,,,,,,,,,,,,,,,,,,,yes,,,,,,,,,,,,,,,,,,,,
77.2198505,28.6330613,6203987736,,cafe,,Café Coffee Day,,,,,,,,,,,,yes,,,,,,,,,,,,,,,,,,,,,,,,,,,yes,,,,,,,,,,,,,,,,,,,,
77.220264,28.6305945,6277332185,,internet_cafe,,Internet Cafe,,,,,,,,,,,,,,,,,,,,,,,,,,,,,,,,,,,,,,,,,,,,,,,,,,,,,,,,,,,
77.2208237,28.6304392,6404118986,,,,Amit Book Company,N-21,books,,,,,,,,,,,,,,,,,,,,,,,,,,,,01123317331,amritbookco@hotmail.com,,,,,,,,,,,,,,,,,,,,,,,,,,,,
77.2207857,28.6310486,6161690690,,bar,,Kill The Bill,,,,,,,,,,,,,,,,,,,,,,,,,,,,,,,,,,,,,,,,,,,,,,,,,,,,,,,,,,,
77.2212797,28.6305595,6676143713,,restaurant,,The Art House Cafe,,,,,,,,,,,,,"indian;pizza",,,,no,,,limited,,,,,,,,,,,,,,,,,,,,yes,,,,,,,,,,,,,,,,,,,
77.2210523,28.6307208,4679883320,,bar,,Beer Cafe,,,,,,,,,,,,,,,,,,,,,,,,,,,,,,,,,,,,,,,,,,,,,,,,,,,,,,,,,,,
77.2213164,28.6309471,2592537219,,,,Beer& Wine Shop,,alcohol,,,,,,,,,,,,,,,,,,,,,,,,,,,,,,,,,,,,,,,,,,,,,,,,,,,,,,,,,
77.2203072,28.6312993,5545575719,,,,Woodland,,"shoes;clothes",,,,,,,,,,,,,,,,,,,,,,,,,,,,,,,,,,,,,,,,,,,,,,,,,,,,,,,,,
77.2204304,28.6312559,5017912424,,restaurant,,Mughlai Junction,,,,,,,,,,,,,indian,,,,,,Mo-Su 12:00-23:00,,,,,,,,Mughlai Junction,,http://mughlaihunction.com,,,,,,,,,,,,,,,,,,,,,,,,,,,,,,
77.2206423,28.6313946,6408253202,,,,Dass Studios,,electronics,,,,,,,,,,,,,,,,,,,,,,,,,,,,,,,0,,,,,,,,,,,,,,,,,,,,,,,,,,
77.2204463,28.6314049,3991742063,,restaurant,,Connection Beer company,,,,,,,,,,,,,,,,,,,,,,,,,,,,,,,,,,,,,,,,,,,,,,,,,,,,,,,,,,,
77.2204126,28.6315799,928559154,,parking,,,,,,,,,,,,,,,,,,,,,,,,,,,,,,,,,,,,,,,,,,,,,,,,,,,,,,,,,,,,,
77.2205311,28.6314468,5277324909,,bank,Union Bank of India,,,,,,,,,,,,,,,,,,,,"24/7 ""atm""",,,,,,,,,,,,,,,,,yes,,,,,,,,,,,,,,,,,,,,,,,
77.220584,28.6314083,5005710330,,bar,,Tafree,,,,,,,,,,,,,,,,,,,,,,,,,,,,,,,,,,,,,,,,,,,,,,,,,,,,,,,,,,,
77.2206262,28.6314625,4882164023,,cafe,,Chaayos,,,,,,,,,,,,,,,,,,,,,no,,,,,,Chaayos,,,,,,1,,,,,,,,yes,,,,,,,,,,,,,,,,,,
77.2206618,28.6314687,5545574399,,,,Cantabil,,clothes,,,,,,,,,,,,,,,,,,,,,,,,,,,,,,,,,,,,,,,,,,,,,,,,,,,,,,,,,
77.2208131,28.6316004,5545576289,,,,Pandit Brothers,,bag,,,,,,,,,,,,,,,,,,,,,,,,,,,,,,,,,,,,,,,,,,,,,,,,,,,,,,,,,
77.2209039,28.6311254,6161689895,,bar,,Excuse Me Boss,,,,,,,,,,,,,,,,,,,,,,,,,,,,,,,,,,,,,,,,,,,,,,,,,,,,,,,,,,,
77.2209768,28.6312552,3813673635,,,,Holiday Inn Hotels and Resorts,,,hotel,,,,,,,,,,,,,,,,,,,,,,,,,,,,,,,,,,,,,,,,,,,,,,,,,,,,,,,,
77.2213236,28.6313639,6161687905,,,Maruti Suzuki,Competent Automobiles,,car,,,,,,,,,,,,,,,,,,,,,,,,,,,,,,,,,,,,,,,,,,,,,,,,,,,,,,,,,
77.2214543,28.6312911,5634145022,,taxi,,,107,,,,,,,,,,,,,,,,wlan,Radial Road 1,Mo-Su 09:00-18:00,,,,,,110001,,,,http://www.graceindiaholiday.com,8700156281,nasirpakhtoon@gmail.com,,,,,,,,,,,yes,,,,,,,,,,,,,,,,,
77.2214431,28.6314709,5277323203,,toilets,,,,,,,,,,,,,,,,,,,,,,,,,,,,,,,,,,,,,,,,,,,,,no,,,,,,,,,,,,,,,,
77.222185,28.6307089,6676417797,,atm,,,,,,,,,,,,,,,,,,,,,,,,,,,,,,,,,,,,,,,,,,,,,,,,,,,,,,,,,,,,,
77.2218384,28.6309899,6404118985,,cafe,,Cha Point,,,,,,,,,,,,,,,,,,,,,,,,,,,,,,,,,,,,,,,,,,,,,,,,,,,,,,,,,,,
77.2218852,28.6310412,4936989322,,,,Oxford Bookstore,,books,,,,,,,,,,,,,,,,,,,,,,,,,Oxford Bookstore,,,,,,1,,,,,,,,,,,,,,,,,,,,,,,,,,
77.2218705,28.6312513,5277323960,,bank,Punjab National Bank,,N-46,,,,,,,,,,,,,,,,,,,,,,,,110001,,,,,,,,,,,yes,Connaught Circus,,,,,,,,,,,,,,,,,,,,,,
77.2218293,28.6314141,5193360430,,fuel,Bharat Petroleum,Bharat Petroleum,,,,,,,,,,,,,,en:Bharat Petroleum,Q854826,,,,,,,,,,,,,,,,,,,,,,,,,,,,,,,,,,,,,,,,,,,,
77.2215631,28.6316411,4341161389,,bank,,Punjab National Bank,,,,,,,,,,,,,,,Q2743499,,,,,,,,,,,,Punjab National Bank,,https://www.pnbindia.in,,,,,,,,,,,,,,,PNB,en:Punjab National Bank,Q2743499,,,,,,,,,,,,,
77.2219529,28.6317079,6278106189,,toilets,,,,,,,,,NDMC,,,,,,,,,,,,,,,,,,,,,,,,,,,,,,,,,,,,,,,,,,,,,,,,,,,,
77.222079,28.6317429,5647754781,,bank,Oriental Bank of Commerce,,,,,,,,,,,,,,,,,,,,,,,,,,,,,,,,,,,,,,,,,,,,,,,,,,,,,,,,,,,,
77.2221209,28.6317238,5647754779,,,,Textile Emporium,M-4,fabric,,,,,,,,,,,,,,,,,,,,,,,,,,,,,,,,,,,Connaught Place,,,,,,,,,,,,,,,,,,,,,,
77.2221888,28.6316939,5647754302,,,,Beecham's Press Private Limited,M-6,mobile_phone,,,,,,,,,,,,,,,,,,,,,,,110001,,,,,,,,,,,,Connaught Place,,,,,,,,,,,,,,,,,,,,,,
77.2224542,28.6311725,1869716862,traffic_signals,,,,,,,,,,,,,,,,,,,,,,,,,,,,,,,,,,,,,,,,,,,,,,,,,,,,,,,,,,,,,,
77.2204138,28.6319007,4302372175,,post_box,,,,,,,,,India Post,,,,,,,,,,,,,,,,,,110001,,,,,,,,,,,,,,,,,,,,,,,,,,,,,,,,,,
77.2207988,28.6318154,928559077,,parking,,,,,,,,,,,,,,,,,,,,,,,,,,,,,,,,,,,,,,,,,,,,,,,,,,,,,,,,,,,,,
77.2207958,28.6323321,2327524066,,toilets,,,,,,,,,,,,,,,,,,,,,,,,,,,,,,,,,,,,,,,,,,,,,no,,,,,,,,,,,,,,,,
77.2213949,28.6320386,6331451485,,,,,,supermarket,,,,,,,,,,,,,,,,,,,,,,,,,,,,,,,,,,,,,,,,,,,,,,,,,,,,,,,,,
77.2213883,28.6322944,6161689896,,restaurant,,United Coffee House,E15,,,,,,,,,,,,,,,,,,,,no,,,,,,,,,,,,,,,,,,yes,,,,,,,,,,,,,,,,,,,,
77.2202309,28.6324332,5656398092,,toilets,,,,,,,,,,,,,,,,,,,,,,,,,,,,,,,,,,,,,,,,,,,,,no,,,,,,,,,,,,,,,,
77.2212149,28.6324431,928558934,,parking,,,,,,,,,,,,,,,,,,,,,,,,,,,,,,,,,,,,,,,,,,,,,,,,,,,,,,,,,,,,,
77.2214473,28.6325028,4959734221,,restaurant,,Farzi Cafe,,,,,,,,,,,,,,,,,,,,,,,,,,,Farzi Cafe,,,,,,,,,,,,,,,,,,,,,,,,,,,,,,,,
77.2214782,28.6325896,5545575718,,cafe,,Café Coffee Day,,,,,,,,,,,,,,,,,,,,,,,,,,,,,,,,,1,,,,,,,,,,,,,,,,,,,,,,,,,,
77.2214809,28.6326411,6408253201,,,,The Raymond Shop,,fabric,,,,,Raymond,,,,,,,,,,,,,limited,,,,,,,,,,,,,0,,,,,,,,,,,,,,,,,,,,,,,,,,
77.2212494,28.6328606,928558830,,parking,,,,,,,,,,,,,,,,,,,,,,,,,,,,,,,,,,,,,,,,,,,,,,,,,,,,,,,,,,,,,
77.2214938,28.6328301,5545574398,,fast_food,Burger King,Burger King,,,,,,,,,,,,,burger,en:Burger King,Q177054,yes,,,,,,,,,,,,,,,,,,,,,,,,,,,,,,,,,,,,,,,,,,,
77.2214144,28.6331141,6414427986,,,,Tanishq Jewellery,E-4,jewelry,,,,,,,,,,,,,,,,"Rajiv Chowk, Block E",11:00-20:00,yes,,,,,110001,Delhi,,,,,,,,,,,Connaught Place,,,,,,,,,,IN,,,,,,,,,,,,
77.2215295,28.6318859,5193360429,,fuel,Hindustan Petroleum,,,,,,,,,,,,,,,,,,,,,,,,,,,,,,,,,,,,,,,,,,,,,,,,,,,,,,,,,,,,
77.2217935,28.6319496,3813668638,,bank,,Federal Bank,,,,,,,Federal Bank,,,,,,,en:Federal Bank,Q2044983,,,,,,,,,,,,Federal Bank,,https://www.federalbank.co.in,,,,,,,yes,,,,,,,,,,,,,,,,,,,,,,,
77.2218514,28.6319359,6371968794,,toilets,,,,,,,,,NDMC,yes,,,,,,,,,,,Mo-Su 04:00-22:00,no,,,,,,,,,,,,,,,,,,,,,,,no,,,,,yes,yes,,,,,,,,,,
77.2220318,28.6317679,5647754778,,atm,Oriental Bank of Commerce,,,,,,,,,,,,,,,,,,,,,,,,,,,,,,,,,,,,,,,,,,,,,,,,,,,,,,,,,,,,
77.2220034,28.632874,6278105486,,atm,,,,,,,,,Oriental Bank Of Commerce,,,,,,,,,,,,,,,,,,,,,,,,,,,,,,,,,,,,,,,,,,,,,,,,,,,,
77.2179864,28.633169,5656397310,,restaurant,,Rodeo,,,,A,,,,,,,,,,,,,,,,,,,,,,,,,,,,,,,,,,,,,,,,,,,,,,,,,,,,,,,
77.2180099,28.6332362,5545576288,,,,Louis Philippe,,clothes,,A,,,,,,,,,,,,,,,,,,,,,,,,,,,,,,,,,,,,,,,,,,,,,,,,,,,,,,,
77.2180419,28.6333153,5656399714,,,,Raymond,,"fabric;clothes",,A,,,,,,,,,,,,,,,,,,,,,,,,,,,,,,"men;suits",,,,,,,,,,,,,,,,,,,,,,,,,
77.21807,28.6333804,4709852091,,,,Wenger's,,bakery,,A,,,,,,,,,,,,,,Inner Circle,,,,,,,110001,,,,,+91-11-2332-8589,,,,,22,,Connaught Place,,,,,,,,,,,,,,,,,,,,,,
77.2175781,28.6336905,5577534326,,toilets,,,,,,,,,,,,,,,,,,,,,,,,,,,,,,,,,,,,,,,,,,,,,no,,,,,,,,,,,,,,,,
77.2178165,28.6336036,6495346837,,cafe,Cafe Coffee Day,Cafe Coffee Day,,,,A,,,,,,,,,coffee_shop,en:Café Coffee Day,Q5017235,yes,,,,no,,,,,,,,,,,,,,,,,,,,,,,,,,,,,,,,,,,,,,,
77.2178321,28.6337158,2654011278,,fuel,,Indian Oil Petrol Pump,A 23,,,,,,,,,,,,,,,,,"Connaught Circus (Indira Chowk), Connaught Place",,,,,,,110001,New Delhi,,,,,,,,,,,,,,,,,,,,,,,,,,,,,,,,,
77.2181043,28.63345,5656399715,,,,Nirmal Vijay and Company Jewellers,,jewelry,,A,,,,,,,,,,,,,,,,,,,,,,,,,,,,,,,,,,,,,,,,,,,,,,,,,,,,,,,
77.2183439,28.6333286,4445099389,,,,Wrangler,,clothes,,,,,,,,,,,,,,,,,,,,,,,,,,,,,,,,,,,,,,,,,,,,,,,,,,,,,,,,,
77.2181048,28.633496,5537049539,,cafe,,Keventer's Milk Shake,,,,A,,,,,,,,,ice_cream,,,,,,,,,,,,,,,,,,,,,,,,,,,,,,,,,,,,,,,,,,,,,,
77.218344,28.6337981,6495330869,,place_of_worship,,Moti Masjid,Block B,,,B,,,,,muslim,,,,,,,,,"Connaught Circus (Indira Chowk), Connaught Place",,,,,,,110001,New Delhi,,मोती मस्जिद,,,,,0,,9,,Connaught Place,,,,,,,,,,,,,موتی مسجد,মতি মসজিদ,,,,,,,,
77.2186316,28.633774,928559229,,parking,,,,,,,,,,,,,,,,,,,,,,,,,,,,,,,,,,,,,,,,,,,,,,,,,,,,,,,,,,,,,
77.2180188,28.6339716,5810594585,,cafe,Cafe Coffee Day,Cafe Coffee Day,,,,,,,,,,,,,coffee_shop,en:Café Coffee Day,Q5017235,yes,,,,no,,,,,,,,,,,,,,,,,,,,,,,,,,,,,,,,,,,,,,,
77.2176384,28.6342788,5577534325,,fast_food,,Burger Singh,,,,,,,,,,,,yes,burger,,,,,,,,,,,,,,,,https://burgersinghonline.com/,+91-87671-21212,,,,,,,,,,yes,,,,,,,,,,,,,,,,,,,
77.2179356,28.6341481,5578463454,,toilets,,,,,,,,,,,,,,,,,,,,,,,,,,,,,,,,,,,,,,,,,,,,,no,,,,,,,,,,,,,,,,
77.2179596,28.6343655,5709171322,,cafe,,The chai kafe,,,,,,,,,,,,,,,,,wlan,,,,,,,,,,,,,,,,,,,,,,,,,,,,,,,,,,,,,,,,,,
77.2184047,28.6338282,6495330851,,,,Jockey,,clothes,,B,,,R. Meattle & Sons,,,,,,,,,,,,,limited,,,,,110001,,,,,"+91-11-2332-7699;+91-11-4354-6949",,,0,,11,,Connaught Place,,,,,,,,,,,,,,,,,,,,,,
77.2184265,28.6338487,6495330877,,,,US Polo Association,,clothes,,B,,,,,,,,,,,,,,,,limited,,,,,110001,,,,,,,,0,,,,Connaught Place,,,,,,,,,,,,,,,,,,,,,,
77.2184488,28.633867,6495330862,,,Skechers,Skechers,,shoes,,B,,,,,,,,,,en:Skechers,Q2945643,,,,,yes,,,,,110001,,,,,,,,0,,,,Connaught Place,,,,,,,,,,,,,,,,,,,,,,
77.218518,28.6339326,5545576299,,,,Zodiac,,clothes,,B,,,,,,,,,,,,,,,,,,,,,110001,,,,,,,,0,,,,Connaught Place,,,,,,,,,,,,,,,,,,,,,,
77.2186101,28.6339923,4069860437,,,,Bata,,shoes,,B,,,,,,,,,,,,,,,,,,,,,110001,,,,,,,,0,,,,Connaught Place,,,,,,,,,,,,,,,,,,,,,,
77.2186638,28.6340257,6495330880,,,,Wildcraft,B-16,"clothes;bag;shoes",,B,,,RB Sons,,,,,,,,,,,,,,,,,,110001,,,,,,,,0,,,,Connaught Place,,,,,,,,,,,,,,,,,,,,,,
77.2186929,28.6340502,6495330871,,,,Shaw Sons,,handicraft,,B,,,,,,,,,,,,,,,,,,,,,110001,,,,,"+91-11-4661-3076;+91-11-98118-07108;+91-98712-17682",,,0,,,,Connaught Place,,,,,,,,,,,,,,,,,,,,,,
77.2186423,28.6340937,6566959761,,,,The Corus Hotel,B-49,,hotel,,,,,,,,,,,,,,wlan,"Connaught Circus (Indira Chowk), Connaught Place",,,,,,,110001,New Delhi,,द करुस होटल,https://www.hotelcorus.com/,+ 91-11- 43652222,,,,,,,,,,,,,,,,,,,,,দি কোরাস হোটেল,,,,,,,,
77.2187113,28.6341056,4445111190,,,H&M,H&M,,clothes,,B,,,,,,,,,,en:H&M,Q188326,,,,,,,,,,110001,,,,,,,,0,,,,Connaught Place,,,,,,,,,,,,,,,,,,,,,,
77.2187524,28.6341238,4069814471,,,Levi's,Levi's,,clothes,,B,,,,,,,,,,en:Levi Strauss & Co.,Q127962,,,,,limited,,,,,110001,,,,,,,,0,"denim;men;women",,,Connaught Place,,,,,,,,,,,,,,,,,,,,,,
77.2182711,28.6343601,6566966468,,restaurant,,Life Cafe,B-49,,,,,,,,,,,,,,,,,"Connaught Circus (Indira Chowk), Connaught Place",,,,,,,110001,New Delhi,,,,,,,,,,,,,,,,,,,,,,,,,লাইফ ক্যাফে,,,,,,,,
77.2183155,28.6343883,5810592534,,atm,Bank of Baroda,,,,,,,,,,,,,,,,,,,,,,,,,,,,,,,,,,,,,,,,,,,,,,,,,,,,,,,,,,,,
77.2196115,28.6331479,6203985238,,food_court,,The Tapooz Food Court,,,,,,,,,,,,,,,,,,,,,,,,,,,,,,,,,-1,,,,,,,,,,,,,,,,,,,,,,,,,,
77.2197969,28.6331482,6203987737,,atm,,,,,,,,,,,,,,,,,,,,,,,,,,,,,,,,,,,,,,,,,,,,,,,,,,,,,,SBI,,,,,,,
77.21958,28.6334615,6182974865,elevator,,,Rajiv Chowk,,,,,,subway_entrance,,,,,,,,,,,,,,,,,,,,,,,,,,,"-1;-2",,,,,,,,,,,,,,,,,,,,,,,,,,
77.218902,28.6340376,6180324529,elevator,,,Rajiv Chowk,,,,,,subway_entrance,,,,,,,,,,,,,,,,,,,,,,,,,,,"0;-1",,,,,,,,,,,,,,,,,,,,,,,,,,
77.2187952,28.6341417,5109849421,,restaurant,,The Immigrant Cafe,,,,B,,,,,,,,,,,,,,,,no,,,,,110001,,,,,,,,1,,,,Connaught Place,,,,,,,,,,,,,,,,,,,,,,
77.2188291,28.6341575,6495330846,,,Nike,Nike,,clothes,,B,,,BDA Co.,,,,,,,"en:Nike, Inc.",Q483915,,,,,,,,,,110001,,,,,,,,0,,20,,Connaught Place,,,,,,,,,,,,,,,,,,,,,,
77.2190214,28.6342471,6495330878,,,,Bhagwan Das Brothers,,bag,,B,,,,,,,,,,,,,,,,yes,,,,,110001,,,,,,,,0,,,,Connaught Place,,,,,,,,,,,,,,,,,,,,,,
77.2190699,28.6342635,4069815728,,restaurant,,The Colonnade,B-23,,,B,,,,,,,,,,,,,,Inner Circle,,no,,,,,110001,,,,,,,,0,,,,Connaught Place,,,,,,,,,,,,,,,,,,,,,,
77.2190663,28.6342817,6495346838,,restaurant,,The Big Chill,,,,B,,,,,,,,,,,,,,,,,,,,,110001,,,,,,,,1,,,,Connaught Place,,,,,,,,,,,,,,,,,,,,,,
77.2191465,28.6342661,1393281031,,fast_food,McDonald's,McDonald's,,,,B,,,,,,,,yes,burger,en:McDonald's,Q38076,yes,,,,,,,,,110001,,,,,,,,,,,,Connaught Place,,,,,,,,,,,,,,,,,,,,,,
77.2192258,28.6342867,6495330876,,restaurant,,Zen,,,,B,,,,,,,,,,,,,,,,,,,,,110001,,,,,,,,0,,,,Connaught Place,,,,,,,,,,,,,,,,yes,,,,,,
77.2192854,28.6343018,6495330856,,,,Sports Station,,shoes,,B,,,,,,,,,,,,,,,,limited,,,,,110001,,,,,,,,0,,,,Connaught Place,,,,,,,,,,,,,,,,,,,,,,
77.2193608,28.6343102,4445111189,,,,Baluja's,,clothes,,B,,,Baluja Shoe Co.,,,,,,,,,,,,,limited,,,,,110001,,,,,,,,0,,27,,Connaught Place,,,,,,,,,,,,,,,,,,,,,,
77.2194193,28.6343219,6495330864,,,,Planet Fashion,,clothes,,B,,,,,,,,,,,,,,,,limited,,,,,110001,,,,,,,,0,,,,Connaught Place,,,,,,,,,,,,,,,,,,,,,,
77.2194607,28.6343239,6495330860,,cafe,Cafe Coffee Day,Cafe Coffee Day,,,,B,,,,,,,,,coffee_shop,en:Café Coffee Day,Q5017235,yes,,,,no,,,,,110001,,,,,,,,1,,,,Connaught Place,,,,,,,,,,,,,,,,,,,,,,
77.2195757,28.6340848,928559360,,parking,,,,,,,,,,,,,,,,,,,,,,,,,,,,,,,,,,,,,,,,,,,,,,,,,,,,,,,,,,,,,
77.2194967,28.634329,6495330849,,,,Woodland,,shoes,,B,,,Aero Club,,,,,,,,,,,,,yes,,,,,110001,,,,,,,,0,,,,Connaught Place,,,,,,,,,,,,,,,,,,,,,,
77.2195417,28.634342,6495330874,,,,Indian Terrain,,clothes,,B,,,,,,,,,,,,,,,,yes,,,,,110001,,,,,,,,,,,,Connaught Place,,,,,,,,,,,,,,,,,,,,,,
77.2195598,28.634418,6495330867,,,,Aurelia,,clothes,,B,,,,,,,,,,,,,,,,,,,,,110001,,,,,,,,,women,,,Connaught Place,,,,,,,,,,,,,,,,,,,,,,
77.2195608,28.6344614,6495330870,,,,Lotto,,shoes,,B,,,,,,,,,,,,,,,,limited,,,,,110001,,,,,,,,,,,,Connaught Place,,,,,,,,,,,,,,,,,,,,,,
77.2200761,28.6343601,5810595111,,,,New Delhi Stationery Mart,,stationery,,,,,,,,,,,,,,,,,Mo-Su 10:00-19:30,,,,,,,,,,,,,,,,,,,,,,,,,,,,,,,,,,,,,,,,
77.21772,28.6346701,5758573267,,fuel,Bharat Petroleum,,,,,,,,,,,,,,,,,,,,,,,,,,,,,,,,,,,,,,,,,,,,,,,,,,,,,,,,,,,,
77.2181263,28.6350577,6161690529,,restaurant,,Véda,,,,,,,The Billiardiers,,,,,,,,,,,,,,,,,,,,,,,,,,,,,,,,,,,,,,,,,,,,,,,,,,,,
77.2184123,28.6352021,6161686839,,atm,Yes Bank,,,,,,,,,,,,,,,,,,,,,,,,,,,,,,,,,,,,,,,,,,,,,,,,,,,,,,,,,,,,
77.218477,28.6352382,6161690590,,atm,IndusInd Bank,,,,,,,,,,,,,,,,,,,,24/7,,,,,,,,,,,,,,,,,,,,,,,,,,,,,,,,,,,,,,,,
77.2194616,28.6349295,2106104833,,fast_food,,Kathi Rolls,,,,,,,,,,,,,,,,,,,,,,,,,,,Nizam's Kathi Kabab,,,,,,,,,,,,,,,,,,,,,,,,,,,,,,,,
77.2195627,28.6345005,6495330865,,atm,Bank of Maharashtra,,,,,B,,,,,,,,,,,,,,,24/7,no,,,,,110001,,,,,,,,0,,,,Connaught Place,,,,,,,,,,,,,,,,,,,,,,
77.2195629,28.6345172,6495330848,,bank,Bank of Maharashtra,,,,,B,,,,,,,,,,,,,,,,,,,,,110001,,,,,,,,1,,,yes,Connaught Place,,,,,,,,,,,,,,,,,Connaught Place,,,,,
77.219527,28.634655,6495330863,,,,W,,clothes,,B,,,Karwa Retail Private Limited,,,,,,,,,,,,,yes,,,,,110001,,,,,,,,0,"traditional;women",,,Connaught Place,,,,,,,,,,,,,,,,,,,,,,
77.2195265,28.6346887,6495330854,,,,And,,clothes,,B,,,,,,,,,,,,,,,,,,,,,110001,,,,,,,,,women,,,Connaught Place,,,,,,,,,,,,,,,,,,yes,,,,
77.2195254,28.6347165,2410180165,,atm,,,,,,B,,,,,,,,,,,,,,,Mo-Su 06:00-22:00,no,,,,,110001,,,,,,,,,,,,Connaught Place,,,,,,,,,,,,,,,,,,,,,,
77.2200849,28.6345271,4343776289,,,,Jain Book Depot,,books,,,,,,,,,,,,,,,,,,,,,,,,,,,,,,,,,,,,,,,,,,,,,,,,,,,,,,,,,
77.2201014,28.6347064,928563257,,atm,,Citibank,,,,,,,,,,,,,,,,,,,,,,,,,,,,,,,,,,,,,,,,,,,,,,,,,,,,,,,,,,,
77.2196937,28.6350924,928558280,,cinema,,PVR Plaza Cinema,,,,,,,,,,,,,,,,,,,,,,,,,,,,,,,,,,,,,,,,,,,,,,,,,,,,,,,,,,,
77.2201443,28.6351018,928558283,,,,New Prominent Tailor,,tailor,,,,,,,,,,,,,,,,,,,,,,,,,,,,,,,,,,,,,,,,,,,,,,,,,,,,,,,,,
77.2196937,28.635243,928567979,,restaurant,,Piccadelhi,,,,,,,,,,yes,,,,,,,,,,,,,,,,,,,,,,,,,,,,,,,,,,,,,,,,,,,,,,,,,
77.2201059,28.635221,4069858894,,restaurant,,Gola,,,,,,,,,,,,,,,,,,,,,,,,,,,,,,,,,,,,,,,,,,,,,,,,,,,,,,,,,,,
77.2198833,28.6357191,249783316,traffic_signals,,,,,,,,,,,,,,,,,,,,,,,,,,,,,,,,,,,,,,,,,,,,,,,,,,,,,,,,,,,,,,
77.2204351,28.6331527,5799068348,,atm,State Bank of India,,,,,,,,,,,,-2,,,,,,,,,,,,,,,,,,,,,,-1,,,,,,,,,,,,,,,,,,,SBI,,,,,,,
77.2205603,28.6335073,2327524069,,toilets,,,,,,,,,,,,,,,,,,,,,,,,,,,,,,,,,,,,,,,,,,,,,no,,,,,,,,,,,,,,,,
77.2213849,28.6332082,6414427985,,,,Wills Lifestyle,E-8,clothes,,,,,,,,,,,,,,,,"Rajiv Chowk, Block E",,yes,,,,,110001,Delhi,,,,,,,,,,,Connaught Place,,,,,,,,,,IN,,,,,,,,,,,,
77.2212936,28.6333695,4959734022,,restaurant,,Kovil,,,,,,,,,,,,,,,,,,,,,,,,,,,Kovil,,,,,,,,,,,,,,,,,,,,,,,,,,,,,,,,
77.2211054,28.6336189,3991743215,,fast_food,,The Embassy,,,,,,,,,,,,,,,,,,,,,,,,,,,,,,,,,,,,,,,,,,,,,,,,,,,,,,,,,,,
77.2212566,28.6335111,4711571792,,restaurant,,Embassy Restaurant ( Samosa),,,,,,,,,,,,,,,,,,,,,,,,,,,Embassy Restaurant ( Samosa),,,01123416434,,,,,,,,,,,,,,,,,,,,,,,,,,,,,
77.2212231,28.6335783,4338104611,,,,HOTEL PALACE HEIGHTS,D-26/28,,hotel,,,,,,,,,,,,,,,Radial Road 6,,,,,,,110001,New Delhi,,,,,,,,,,,,,,,,,,,,,,,,,,,,,,3,,,
77.2212499,28.6335971,4338105559,,restaurant,,Zaffran,D-26/28,,,,,,,,,,,,regional,,,,,"D Block, Radial Road No.6",,,,,,,110001,New Delhi,,,,,,,,,,,,,,,,,,,,,,,,,,,,,,,ZAFRAN,,
77.2203569,28.6340786,6761961056,,charging_station,,,,,,,,,,,,,,,,,,,,,,,,,,,,,,,,,,,,,,,,,,,,,,,,,,,,,,,,,,,,,
77.2208289,28.6338129,6761961057,,charging_station,,,,,,,,,,,,,,,,,,,,,,,,,,,,,,,,,,,,,,,,,,,,,,,,,,,,,,,,,,,,,
77.2207083,28.6344,6161690691,,fuel,Bharat Petroleum,,,,,,,,,,,,,,,,,,,,,,,,,,,,,,,,,,,,,,,,,,,,,,,,,,,,,,,,,,,,
77.220884,28.6339927,4447641390,,bar,,The Beer Cafe - Biggie,,,,,,,,,,,,,,,,,,,,,,,,,,,,,,,,,1,,,,,,,,,,,,,,,,,,,,,,,,,,
77.2210355,28.6341676,6203988024,,,,Smokehouse Deli,,deli,,,,,,,,,,,,,,,,,,,,,,,,,,,,,,,0,,,,,,,,,,,,,,,,,,,,,,,,,,
77.2210708,28.6342007,6161690885,,restaurant,,Odeon Social,,,,,,,,,,,,,,,,,,,,,,,,,,,,,,,,,1,,,,,,,,,,,,,,,,,,,,yes,,,,,,
77.2214399,28.6343272,6161690588,,restaurant,,I ♥ Unplugged Courtyard,,,,,,,,,,,,,,,,,,,,,,,,,,,,,,,,,,,,,,,,,,,,,,,,,,,,,,,,,,,
77.2218452,28.6336127,6404118988,,charging_station,,,,,,,,,,,,,,,,,,,,,,,,,,,,,,,,,,,,,,,,,,,,,,,,,,,,,,,,,,,,,
77.2219946,28.6336834,6404118987,,charging_station,,,,,,,,,,,,,,,,,,,,,,,,,,,,,,,,,,,,,,,,,,,,,,,,,,,,,,,,,,,,,
77.2215479,28.6338612,6161686835,,,,Theobroma,,bakery,,,,,,,,,,,,,,,,,,,,,,,,,,,,,,,,,,,,,,,,,,,,,,,,,,,,,,,,,
77.2216328,28.6339704,5498404975,,toilets,,,,,,,,,New Delhi Municipal Corporation,,,,,,,,,,,,,,,,,,,,,,,,,,,,,,,,,,,,no,,,,,,,,,,,,,,,,
77.2220221,28.6343528,6161690587,,,,Wagh Bakri Tea Lounge,,tea,,,,,,,,,,,,,,,,,,,no,,,,,,,,,,,,,,,,,,yes,yes,,,,,,,,,,,,,,,,,,,
77.2201976,28.6347463,6761961064,,fast_food,,Halka Fulka,,,,,,,,,,,,,roll,,,,,,,yes,,,,,,,,,,,,,0,,,,,,,,,,,,,,,,,,,,,,,,,,
77.2202579,28.6347196,6761961065,,ice_cream,,Giani's,,,,,,,,,,,,,,,,,,,,,,,,,,,,,,,,,,,,,,,,,,,,,,,,,,,,,,,,,,,
77.2203803,28.6347294,6278067985,,restaurant,,Rajasthali,,,,,,,,,,,,,rajasthani,,,,,,"Mo-Su 12:00-16:00 ""lunch"", 19:00-23:00 ""dinner""",no,,,,,,,,,,,,,0,,,,,,,,,,,,,,,,,,,,,,,,,,
77.2205246,28.634703,6707994776,,restaurant,,Shake Square,C-42/2,,,,,,,,,,,only,"shake;ice_cream;italian;salad;noodles;pizza;pasta",,,,,Middle Circle,,no,,,,no,110001,,,,http://www.shakesquare.co.in,,info@shakesquare.in,,"0;1",,,,Connaught Place,,,,,,,,,,,,,,,,,,,,,yes,23
77.2205433,28.6348216,6278067685,,toilets,,,,,,,,,,,,,,,,,,,,,,,,,,,,,,,,,,,,,,,,,,,,,no,,,,,yes,yes,,,,,,,,,,
77.2205729,28.6348956,6161987900,,,,DTTDC,,travel_agency,,,,,,,,,,,,,,,,,,,,,,,,,DTTDC,,,,,,,,,,,,,,,,,,,,,,,,,,,,,,,,
77.2213997,28.6347708,6161686836,,fuel,Indian Oil,,,,,,,,,,,,,,,,,,,,,,,,,,,,,,,,,,,,,,,,,,,,,,,,,,,,,,,,,,,,
77.2210229,28.6351302,6161690589,,bank,Punjab National Bank,,K-8,,,,,,,,,,,,,,,,,Minto Road,,,,,,,110001,,,,,,,,,,,yes,,,,,,,,,,,,,,,,PNB,,Minto Road,,,,,
77.2212522,28.6350437,6161690526,,waste_basket,,,,,,,,,,,,,,,,,,,,,,,,,,,,,,,,,,,,,,,,,,,,,,,,,,,,,,,,,,,,,
77.2212339,28.6351241,6161686837,,,,Bistro 57,,beverages,,,,,,,,,,,,,,,,,Mo-Su 12:30-23:00,,,,,,,,,,,,,,,,,,,,,,,,,,,,,,,,,,,,,,,,
77.2212575,28.6352179,6161690527,,place_of_worship,,,,,,,,,,,muslim,,,,,,,,,,,,,,,,,,,,,,,,,,,,,,,,,,,,,,,,,,,,,,,,,,
77.2218033,28.6346593,6832945794,,bank,Saraswat Bank,,,,,,,,,,,,,,,,,,,,,,,,,,,,,,,,,,,,,yes,,,,,,,,,,,,,,,,,,,,,,,
77.2232695,28.6376078,395135106,traffic_signals,,,,,,,,,,,,,,,,,,,,,,,,,,,,,,,,,,,,,,,,,,,,,,,,,,,,,,,,,,,,,,
77.2258197,28.6409537,395135138,traffic_signals,,,,,,,,,,,,,,,,,,,,,,,,,,,,,,,,,,,,,,,,,,,,,,,,,,,,,,,,,,,,,,
